method,attack,malicious_ratio,data_split,seed,round,accuracy,accuracy_percent,loss,risk_score,risk_level,threat_type,suspicious_clients,malicious_weight,aggregator,mean_trust,min_trust,round_time_sec,trust_client_1,trust_client_2,trust_client_3,trust_client_4,trust_client_5,trust_client_6,trust_client_7,trust_client_8,trust_client_9,trust_client_10
fedavg,gradient_scale,0.1,iid,42,1,0.4242,42.42,2.163654712677002,0.0,LOW,BENIGN,0,0.1,STANDARD_FEDAVG,1.0,1.0,22.64891290664673,1.0,1.0,1.0,1.0,1.0,1.0,1.0,1.0,1.0,1.0
fedavg,gradient_scale,0.1,iid,42,2,0.655,65.5,1.3013139597892762,0.0,LOW,BENIGN,0,0.1,STANDARD_FEDAVG,1.0,1.0,23.542110919952393,1.0,1.0,1.0,1.0,1.0,1.0,1.0,1.0,1.0,1.0
fedavg,gradient_scale,0.1,iid,42,3,0.718,71.8,0.8257826904296875,0.0,LOW,BENIGN,0,0.1,STANDARD_FEDAVG,1.0,1.0,21.701361179351807,1.0,1.0,1.0,1.0,1.0,1.0,1.0,1.0,1.0,1.0
fedavg,gradient_scale,0.1,iid,42,4,0.8493,84.93,0.4958858557105064,0.0,LOW,BENIGN,0,0.1,STANDARD_FEDAVG,1.0,1.0,21.841357231140137,1.0,1.0,1.0,1.0,1.0,1.0,1.0,1.0,1.0,1.0
fedavg,gradient_scale,0.1,iid,42,5,0.8144,81.44,0.5480592332839965,0.0,LOW,BENIGN,0,0.1,STANDARD_FEDAVG,1.0,1.0,21.590670347213745,1.0,1.0,1.0,1.0,1.0,1.0,1.0,1.0,1.0,1.0
fedavg,gradient_scale,0.1,iid,43,1,0.5919,59.19,2.1192222927093507,0.0,LOW,BENIGN,0,0.1,STANDARD_FEDAVG,1.0,1.0,21.875682830810547,1.0,1.0,1.0,1.0,1.0,1.0,1.0,1.0,1.0,1.0
fedavg,gradient_scale,0.1,iid,43,2,0.7349,73.49,1.005146717095375,0.0,LOW,BENIGN,0,0.1,STANDARD_FEDAVG,1.0,1.0,21.770930767059326,1.0,1.0,1.0,1.0,1.0,1.0,1.0,1.0,1.0,1.0
fedavg,gradient_scale,0.1,iid,43,3,0.8138,81.38,0.6139815477371215,0.0,LOW,BENIGN,0,0.1,STANDARD_FEDAVG,1.0,1.0,21.642101287841797,1.0,1.0,1.0,1.0,1.0,1.0,1.0,1.0,1.0,1.0
fedavg,gradient_scale,0.1,iid,43,4,0.8474,84.74000000000001,0.4607929989218712,0.0,LOW,BENIGN,0,0.1,STANDARD_FEDAVG,1.0,1.0,22.062638998031616,1.0,1.0,1.0,1.0,1.0,1.0,1.0,1.0,1.0,1.0
fedavg,gradient_scale,0.1,iid,43,5,0.8923,89.23,0.3543647160291672,0.0,LOW,BENIGN,0,0.1,STANDARD_FEDAVG,1.0,1.0,21.86026883125305,1.0,1.0,1.0,1.0,1.0,1.0,1.0,1.0,1.0,1.0
trust_fedavg,gradient_scale,0.1,iid,42,1,0.5013,50.129999999999995,2.203593821334839,0.0,LOW,BENIGN,1,0.04665342385394874,TRUST_AWARE_FEDAVG,0.9438500463420407,0.4403383626656438,25.243469715118408,1.0,0.9998546195492958,1.0,0.9998233830028428,1.0,1.0,0.9995793686736336,0.998904729528991,1.0,0.4403383626656438
trust_fedavg,gradient_scale,0.1,iid,42,2,0.7398,73.98,1.1789144685745239,0.0,LOW,BENIGN,2,0.007401329488635264,TRUST_AWARE_FEDAVG,0.8678044252031099,0.06422906482623952,26.063483715057373,0.9604525501693794,0.9998481581959312,0.9646475610792371,0.9998155333585247,0.7084069605376768,0.9822276990747016,0.9995606739480173,0.9988560508413906,1.0,0.06422906482623952
trust_fedavg,gradient_scale,0.1,iid,42,3,0.8536,85.36,0.5287743061542511,0.0,LOW,BENIGN,1,0.0,TRUST_AWARE_FEDAVG,0.8533798169887075,0.0,26.415396213531494,0.937724637139976,0.9998707623403249,0.9566036488597404,0.9075748925612873,0.7796592260590443,0.9537125816392548,0.9996260748405832,0.9990263464468647,1.0,0.0
trust_fedavg,gradient_scale,0.1,iid,42,4,0.8765,87.64999999999999,0.411957005918026,0.0,LOW,BENIGN,2,0.0,TRUST_AWARE_FEDAVG,0.8226327024417189,0.0,25.437361478805542,0.9371457798919991,0.9867380166259313,0.9562158459748837,0.9192996419324657,0.8377848910167026,0.6100200816243205,0.9997026898775546,0.9992258422579708,0.9801942352153616,0.0
trust_fedavg,gradient_scale,0.1,iid,42,5,0.8992,89.92,0.34614021204710005,0.0,LOW,BENIGN,2,0.0,TRUST_AWARE_FEDAVG,0.8074736497404048,0.0,26.956618547439575,0.9443808674922809,0.9511796201082386,0.9560223725903733,0.9338443956497428,0.8815877782762583,0.4514844618353503,0.9826324076392493,0.9994020502188575,0.9742025435936976,0.0
trust_fedavg,gradient_scale,0.1,iid,43,1,0.6273,62.73,2.1782164615631103,0.0,LOW,BENIGN,2,0.044439641881705946,TRUST_AWARE_FEDAVG,0.9001064925131246,0.40000410182681684,25.41317367553711,1.0,1.0,0.9557079538997756,0.6880691254157416,0.9646234218510054,1.0,1.0,0.9926603221379059,1.0,0.40000410182681684
trust_fedavg,gradient_scale,0.1,iid,43,2,0.7643,76.42999999999999,1.0109545015335084,0.0,LOW,BENIGN,2,0.005992782029677874,TRUST_AWARE_FEDAVG,0.8333431524107388,0.04006115749193259,25.8341224193573,1.0,0.9631969831725015,0.9537394185175434,0.7558929133073788,0.9630511294888278,0.9290796813828485,0.7391891131391131,0.992334114232924,0.9968870133743191,0.04006115749193259
trust_fedavg,gradient_scale,0.1,iid,43,3,0.858,85.8,0.5003038163661957,0.0,LOW,BENIGN,2,0.0,TRUST_AWARE_FEDAVG,0.8145291718640386,0.0,26.173035144805908,0.9995595030689981,0.9446511324682438,0.728997842570198,0.8199267606087817,0.9685515752279866,0.930014414316212,0.7638201476568994,0.9934753071333035,0.9962950355897634,0.0
trust_fedavg,gradient_scale,0.1,iid,43,4,0.8847,88.47,0.3942831469655037,0.0,LOW,BENIGN,2,0.0,TRUST_AWARE_FEDAVG,0.7937517768458537,0.0,25.71571636199951,0.999444424737972,0.9217174866072243,0.7953376255269009,0.8697322273147066,0.6329241261461808,0.917664026212864,0.809809802087486,0.9948121778215159,0.9960758720036869,0.0
trust_fedavg,gradient_scale,0.1,iid,43,5,0.9061,90.61,0.325987329518795,0.0,LOW,BENIGN,3,0.0,TRUST_AWARE_FEDAVG,0.7837941422295664,0.0,25.55224061012268,0.671370742328717,0.9177962874559429,0.8413459031159084,0.9061685825707001,0.7347351033596394,0.9222554063853814,0.8518259788803731,0.9959929908753483,0.996450427323653,0.0
trust_robust,gradient_scale,0.1,iid,42,1,0.5059,50.59,2.237640797805786,0.0,MEDIUM,ANOMALOUS,1,0,TRUST_WEIGHTED_ROBUST,0.9438500463420407,0.4403383626656438,24.97732424736023,1.0,0.9998546195492958,1.0,0.9998233830028428,1.0,1.0,0.9995793686736336,0.998904729528991,1.0,0.4403383626656438
trust_robust,gradient_scale,0.1,iid,42,2,0.6812,68.12,1.6348062023162842,0.0,MEDIUM,ANOMALOUS,1,0,TRUST_WEIGHTED_ROBUST,0.8827777459168828,0.06423403404246031,26.066351175308228,0.9674110198527122,0.9998481581959312,0.9777242391855556,0.9899220428248672,0.8302212402778948,1.0,0.9995606739480173,0.9988560508413906,1.0,0.06423403404246031
trust_robust,gradient_scale,0.1,iid,42,3,0.841,84.1,0.5883001083374023,0.0,MEDIUM,ANOMALOUS,2,0,TRUST_WEIGHTED_ROBUST,0.84090812650837,0.0,25.706422090530396,0.9475818020355966,0.9967577135246314,0.9686013871072983,0.9880681186266221,0.8628179979470397,0.6466018245550633,0.9996260748405832,0.9990263464468647,1.0,0.0
trust_robust,gradient_scale,0.1,iid,42,4,0.866,86.6,0.4381985552787781,0.0,MEDIUM,ANOMALOUS,2,0,TRUST_WEIGHTED_ROBUST,0.8406683205145932,0.0,25.418447494506836,0.9468173370214894,0.9935771770714426,0.9692364686801389,0.9889493640630607,0.8943390424603482,0.6323006017559396,0.9997026898775546,0.9989704616281382,0.9827900625878198,0.0
trust_robust,gradient_scale,0.1,iid,42,5,0.8938,89.38000000000001,0.3609820434808731,0.0,MEDIUM,ANOMALOUS,2,0,TRUST_WEIGHTED_ROBUST,0.8463799617321557,0.0,26.11581063270569,0.9528233605950898,0.9795574607103448,0.9649385492873701,0.990635746710726,0.9201982887268398,0.6902956669062235,0.9886974657766592,0.9990694111747832,0.977583667433521,0.0
trust_robust,gradient_scale,0.1,iid,43,1,0.4558,45.58,2.2202292388916014,0.0,MEDIUM,ANOMALOUS,2,0,TRUST_WEIGHTED_ROBUST,0.9001064925131246,0.40000410182681684,25.743841648101807,1.0,1.0,0.9557079538997756,0.6880691254157416,0.9646234218510054,1.0,1.0,0.9926603221379059,1.0,0.40000410182681684
trust_robust,gradient_scale,0.1,iid,43,2,0.7203,72.03,1.3758921102523805,0.0,MEDIUM,ANOMALOUS,1,0,TRUST_WEIGHTED_ROBUST,0.8482432678891147,0.04005538930203845,25.223881244659424,1.0,0.9931342709016233,0.9537394185175434,0.7558929133073788,0.961597665836578,0.9113459557272199,0.8743329510658406,0.992334114232924,1.0,0.04005538930203845
trust_robust,gradient_scale,0.1,iid,43,3,0.847,84.7,0.5468554088592529,0.0,MEDIUM,ANOMALOUS,1,0,TRUST_WEIGHTED_ROBUST,0.8447324878454822,0.0,25.589218616485596,0.9970262130283788,0.9655459019961921,0.9231869703263146,0.8199267606087817,0.9668217152090796,0.917726760315876,0.8636152498368959,0.9934753071333035,1.0,0.0
trust_robust,gradient_scale,0.1,iid,43,4,0.8777,87.77000000000001,0.4168214213252068,0.0,MEDIUM,ANOMALOUS,2,0,TRUST_WEIGHTED_ROBUST,0.8160004492914069,0.0,25.498209476470947,0.9962493212558469,0.9168560619204792,0.9258262843916755,0.8697322273147066,0.6722261068050039,0.9084152211629046,0.8782257538198243,0.9924735162436291,1.0,0.0
trust_robust,gradient_scale,0.1,iid,43,5,0.9037,90.36999999999999,0.3360707776427269,0.0,MEDIUM,ANOMALOUS,2,0,TRUST_WEIGHTED_ROBUST,0.7916292742021348,0.0,25.713802099227905,0.600087775438282,0.9105549568463125,0.9357647924537243,0.9057623421101568,0.7568555360307313,0.9154461943525937,0.898874313492516,0.9929468312970309,1.0,0.0
tara,gradient_scale,0.1,iid,42,1,0.5059,50.59,2.237640797805786,0.3190694281249017,MEDIUM,MAGNITUDE_SCALING,1,0.04665342385394874,TRUST_WEIGHTED_ROBUST,0.9438500463420407,0.4403383626656438,25.441737413406372,1.0,0.9998546195492958,1.0,0.9998233830028428,1.0,1.0,0.9995793686736336,0.998904729528991,1.0,0.4403383626656438
tara,gradient_scale,0.1,iid,42,2,0.6663,66.63,1.6378162563323975,0.44556420895007587,MEDIUM,MAGNITUDE_SCALING,1,0.0,TRUST_WEIGHTED_ROBUST,0.8827777459168828,0.06423403404246031,24.789063215255737,0.9674110198527122,0.9998481581959312,0.9777242391855556,0.9899220428248672,0.8302212402778948,1.0,0.9995606739480173,0.9988560508413906,1.0,0.06423403404246031
tara,gradient_scale,0.1,iid,42,3,0.8333,83.33,0.606977801990509,0.4954641775581393,MEDIUM,MAGNITUDE_SCALING,2,0.0,TRUST_WEIGHTED_ROBUST,0.8395288077138996,0.0,25.81226396560669,0.9464981028475876,0.997275457198421,0.9679286673383419,0.9880681186266221,0.8628179979470397,0.6340473118935356,0.9996260748405832,0.9990263464468647,1.0,0.0
tara,gradient_scale,0.1,iid,42,4,0.8661,86.61,0.4426930714607239,0.49749826858795076,MEDIUM,MAGNITUDE_SCALING,2,0.0,TRUST_WEIGHTED_ROBUST,0.8439695860094281,0.0,24.907721757888794,0.9454505250916807,0.9966239225481324,0.9670747160261584,0.9889493640630607,0.8943390424603482,0.6692695953087058,0.9997026898775546,0.9967717203810731,0.9815142843375674,0.0
tara,gradient_scale,0.1,iid,42,5,0.8947,89.47,0.3634850714445114,0.49939820817313985,MEDIUM,MAGNITUDE_SCALING,2,0.0,TRUST_WEIGHTED_ROBUST,0.847674805253623,0.0,26.013447046279907,0.9514998510633365,0.979112478555501,0.9609384932259121,0.990635746710726,0.9201982887268398,0.7213034012173579,0.980932354626424,0.9962055009907194,0.9759219374194131,0.0
tara,gradient_scale,0.1,iid,43,1,0.4558,45.58,2.2202292388916014,0.3607110311461464,MEDIUM,MAGNITUDE_SCALING,2,0.044439641881705946,TRUST_WEIGHTED_ROBUST,0.9001064925131246,0.40000410182681684,25.96123743057251,1.0,1.0,0.9557079538997756,0.6880691254157416,0.9646234218510054,1.0,1.0,0.9926603221379059,1.0,0.40000410182681684
tara,gradient_scale,0.1,iid,43,2,0.7174,71.74000000000001,1.3764679391860961,0.4605012040698516,MEDIUM,MAGNITUDE_SCALING,1,0.0,TRUST_WEIGHTED_ROBUST,0.8482432678891147,0.04005538930203845,25.993075847625732,1.0,0.9931342709016233,0.9537394185175434,0.7558929133073788,0.961597665836578,0.9113459557272199,0.8743329510658406,0.992334114232924,1.0,0.04005538930203845
tara,gradient_scale,0.1,iid,43,3,0.8425,84.25,0.549551932668686,0.47457161472763604,MEDIUM,MAGNITUDE_SCALING,1,0.0,TRUST_WEIGHTED_ROBUST,0.8452232101798959,0.0,25.905816555023193,0.9970451750663465,0.9655863666857188,0.9265384367252195,0.8199267606087817,0.9668217152090796,0.917726760315876,0.8651115800546328,0.9934753071333035,1.0,0.0
tara,gradient_scale,0.1,iid,43,4,0.8704,87.03999999999999,0.43330441896915434,0.5028805632281694,MEDIUM,MAGNITUDE_SCALING,2,0.0,TRUST_WEIGHTED_ROBUST,0.8211975332102359,0.0,25.970916271209717,0.9962732370619991,0.9244168298982952,0.9283550691389085,0.8697322273147066,0.717713105945842,0.9032296495645162,0.8797352368028234,0.9925199763752672,1.0,0.0
tara,gradient_scale,0.1,iid,43,5,0.9014,90.14,0.33783048261404036,0.5126557795728214,MEDIUM,MAGNITUDE_SCALING,2,0.0,TRUST_WEIGHTED_ROBUST,0.7952240739434171,0.0,25.658262014389038,0.625627907512329,0.9032281725337703,0.9373064714648324,0.9062265940382147,0.77555732615218,0.9110771953437314,0.9002097257202397,0.9930073466688734,1.0,0.0
