method,seed,round,accuracy,accuracy_percent,loss,risk_score,risk_level,threat_type,suspicious_clients,malicious_weight,aggregator,round_time_sec,trust_client_1,trust_client_2,trust_client_3,trust_client_4,trust_client_5,trust_client_6,trust_client_7,trust_client_8,trust_client_9,trust_client_10
fedavg,42,1,0.481,48.1,2.252356238555908,0.0,N/A,N/A,0,0.2,STANDARD_FEDAVG,76.92199325561523,N/A,N/A,N/A,N/A,N/A,N/A,N/A,N/A,N/A,N/A
fedavg,42,2,0.6506,65.06,1.9279097270965577,0.0,N/A,N/A,0,0.2,STANDARD_FEDAVG,75.77797842025757,N/A,N/A,N/A,N/A,N/A,N/A,N/A,N/A,N/A,N/A
fedavg,42,3,0.812,81.2,0.8105158718109131,0.0,N/A,N/A,0,0.2,STANDARD_FEDAVG,72.1752998828888,N/A,N/A,N/A,N/A,N/A,N/A,N/A,N/A,N/A,N/A
fedavg,42,4,0.8551,85.50999999999999,0.5344514358520508,0.0,N/A,N/A,0,0.2,STANDARD_FEDAVG,71.56434679031372,N/A,N/A,N/A,N/A,N/A,N/A,N/A,N/A,N/A,N/A
fedavg,42,5,0.884,88.4,0.42973216261863706,0.0,N/A,N/A,0,0.2,STANDARD_FEDAVG,70.14982438087463,N/A,N/A,N/A,N/A,N/A,N/A,N/A,N/A,N/A,N/A
fedavg,42,6,0.9013,90.13,0.3659232209086418,0.0,N/A,N/A,0,0.2,STANDARD_FEDAVG,71.06439638137817,N/A,N/A,N/A,N/A,N/A,N/A,N/A,N/A,N/A,N/A
fedavg,42,7,0.9112,91.12,0.32848954668045044,0.0,N/A,N/A,0,0.2,STANDARD_FEDAVG,69.3250367641449,N/A,N/A,N/A,N/A,N/A,N/A,N/A,N/A,N/A,N/A
fedavg,42,8,0.9176,91.75999999999999,0.30021343780756,0.0,N/A,N/A,0,0.2,STANDARD_FEDAVG,68.59881258010864,N/A,N/A,N/A,N/A,N/A,N/A,N/A,N/A,N/A,N/A
fedavg,42,9,0.9218,92.17999999999999,0.27972386382222175,0.0,N/A,N/A,0,0.2,STANDARD_FEDAVG,73.17805171012878,N/A,N/A,N/A,N/A,N/A,N/A,N/A,N/A,N/A,N/A
fedavg,42,10,0.9316,93.16,0.2499213690340519,0.0,N/A,N/A,0,0.2,STANDARD_FEDAVG,67.97751140594482,N/A,N/A,N/A,N/A,N/A,N/A,N/A,N/A,N/A,N/A
