attack,malicious_ratio,data_split,method,mean_final_accuracy,std_final_accuracy,mean_best_accuracy,std_best_accuracy,mean_final_loss,mean_malicious_weight,mean_runtime_sec,mean_round_risk,pct_safe_zone,pct_probation_zone,pct_quarantine_zone
gradient_scale,0.1,noniid,FEDAVG,65.755,23.535000000000004,71.045,18.245,5.186805582612752,0.11664166666666666,114.7262955904007,0.0,100.0,0.0,0.0
gradient_scale,0.1,noniid,TRUST_FEDAVG,89.18,1.3800000000000026,89.18,1.3800000000000026,0.3555645297944546,0.02676785057276756,98.05644857883453,0.0,72.0,20.0,8.0
gradient_scale,0.1,noniid,TRUST_ROBUST,87.35,0.03999999999999915,87.36,0.04999999999999716,0.41524913358688353,0.0,101.42479288578033,0.0,62.0,28.999999999999996,9.0
gradient_scale,0.1,noniid,TARA,84.54499999999999,1.2749999999999986,85.63,0.18999999999999773,0.4732599169015884,0.011204530345578187,98.10298979282379,0.5485304458448712,61.0,30.0,9.0
gradient_scale,0.2,iid,FEDAVG,48.935,10.035,55.68,6.490000000000002,1.8179939784049988,0.2,97.63723242282867,0.0,100.0,0.0,0.0
gradient_scale,0.2,iid,TRUST_FEDAVG,90.435,0.355000000000004,90.435,0.355000000000004,0.3284167777210474,0.022033314915684058,97.36637723445892,0.0,78.0,6.0,16.0
gradient_scale,0.2,iid,TRUST_ROBUST,89.79499999999999,0.4649999999999963,89.79499999999999,0.4649999999999963,0.3500586452424526,0.0,97.67938721179962,0.0,78.0,6.0,16.0
gradient_scale,0.2,iid,TARA,89.55000000000001,0.6499999999999986,89.55000000000001,0.6499999999999986,0.3550242421865463,0.01914745128523678,97.28848803043365,0.49583725792449784,78.0,6.0,16.0
gradient_scale,0.2,noniid,FEDAVG,29.93,0.7799999999999994,51.035,5.605,20.32337201690674,0.18999166666666667,97.34370636940002,0.0,100.0,0.0,0.0
gradient_scale,0.2,noniid,TRUST_FEDAVG,89.47,1.0899999999999963,89.47,1.0899999999999963,0.3396304348289967,0.047941527841183475,97.35325384140015,0.0,71.0,16.0,13.0
gradient_scale,0.2,noniid,TRUST_ROBUST,85.75999999999999,1.3500000000000014,86.33500000000001,0.7749999999999986,0.4515059705257416,0.0,97.27903187274933,0.0,65.0,21.0,14.000000000000002
gradient_scale,0.2,noniid,TARA,85.195,1.7050000000000054,85.26500000000001,1.634999999999998,0.45817545351982114,0.018256295468349178,97.28817629814148,0.5531894178184077,63.0,23.0,14.000000000000002
gradient_scale,0.3,iid,FEDAVG,22.650000000000002,12.910000000000002,44.905,6.745000000000001,2.1472658279418946,0.3,97.87982988357544,0.0,100.0,0.0,0.0
gradient_scale,0.3,iid,TRUST_FEDAVG,90.555,0.2850000000000037,90.555,0.2850000000000037,0.3219316683381796,0.035764335464759614,98.40885472297668,0.0,70.0,6.0,24.0
gradient_scale,0.3,iid,TRUST_ROBUST,90.07499999999999,0.384999999999998,90.07499999999999,0.384999999999998,0.3385884262561798,0.007060471105478338,97.62397539615631,0.0,70.0,6.0,24.0
gradient_scale,0.3,iid,TARA,90.005,0.4450000000000003,90.005,0.4450000000000003,0.34082523159384726,0.030790304986185124,97.68986749649048,0.5293349811959494,70.0,6.0,24.0
gradient_scale,0.3,noniid,FEDAVG,16.505000000000003,2.6549999999999994,29.19,6.440000000000001,19.671138624572755,0.27723333333333333,98.02289116382599,0.0,100.0,0.0,0.0
gradient_scale,0.3,noniid,TRUST_FEDAVG,89.2,1.1400000000000006,89.21000000000001,1.1300000000000026,0.3429892825961113,0.06675120814991647,98.42181420326233,0.0,68.0,13.0,19.0
gradient_scale,0.3,noniid,TRUST_ROBUST,86.79499999999999,0.134999999999998,87.655,0.9949999999999974,0.41687803157567976,0.0,98.01660346984863,0.0,68.0,14.000000000000002,18.0
gradient_scale,0.3,noniid,TARA,83.33,1.4599999999999937,83.82,0.9699999999999989,0.504303980064392,0.05114374192196031,97.1086356639862,0.5464203854196974,68.0,13.0,19.0
sign_flip,0.1,iid,FEDAVG,88.69500000000001,0.5349999999999966,88.69500000000001,0.5349999999999966,0.4023785766899586,0.1,97.74717366695404,0.0,100.0,0.0,0.0
sign_flip,0.1,iid,TRUST_FEDAVG,89.75,0.4799999999999969,89.75,0.4799999999999969,0.3532726663470268,0.010601979526119484,97.66014349460602,0.0,85.0,7.000000000000001,8.0
sign_flip,0.1,iid,TRUST_ROBUST,89.775,0.5449999999999946,89.775,0.5449999999999946,0.35293711239695547,0.0,97.49200451374054,0.0,85.0,7.000000000000001,8.0
sign_flip,0.1,iid,TARA,89.76,0.3400000000000034,89.76,0.3400000000000034,0.35164742295742035,0.00878373586636343,97.94009912014008,0.42621342162160214,85.0,7.000000000000001,8.0
sign_flip,0.1,noniid,FEDAVG,76.025,8.125,76.025,8.125,0.7724815841197967,0.11664166666666666,98.37237882614136,0.0,100.0,0.0,0.0
sign_flip,0.1,noniid,TRUST_FEDAVG,82.98,1.75,83.465,2.2349999999999994,0.5152640818238259,0.02326358834248831,98.51136815547943,0.0,70.0,19.0,11.0
sign_flip,0.1,noniid,TRUST_ROBUST,82.755,0.33500000000000085,83.295,0.875,0.5164649865031242,0.015046232220996778,98.32792210578918,0.0,67.0,23.0,10.0
sign_flip,0.1,noniid,TARA,83.74,0.9500000000000028,84.39999999999999,1.6099999999999994,0.49510802257061004,0.02315684906732544,97.94369447231293,0.49347369662942214,68.0,22.0,10.0
sign_flip,0.2,iid,FEDAVG,86.175,0.7650000000000006,86.175,0.7650000000000006,0.53017178709507,0.2,98.09626066684723,0.0,100.0,0.0,0.0
sign_flip,0.2,iid,TRUST_FEDAVG,89.57,0.4299999999999997,89.57,0.4299999999999997,0.3578795797348022,0.021185956707777252,98.31958937644958,0.0,79.0,5.0,16.0
sign_flip,0.2,iid,TRUST_ROBUST,89.765,0.41500000000000625,89.765,0.41500000000000625,0.3514989986896515,0.0,98.01755058765411,0.0,78.0,6.0,16.0
sign_flip,0.2,iid,TARA,89.475,0.5949999999999918,89.475,0.5949999999999918,0.35642133079767224,0.0186304844570789,98.25841963291168,0.5065634536639001,78.0,6.0,16.0
sign_flip,0.2,noniid,FEDAVG,69.16,4.690000000000005,69.16,4.690000000000005,0.92082410364151,0.18999166666666667,97.83846318721771,0.0,100.0,0.0,0.0
sign_flip,0.2,noniid,TRUST_FEDAVG,82.235,1.9050000000000011,82.96000000000001,1.1799999999999997,0.5328804710149765,0.06186642843310365,97.82507157325745,0.0,63.0,24.0,13.0
sign_flip,0.2,noniid,TRUST_ROBUST,83.355,1.2950000000000017,84.04,0.6099999999999994,0.5040053960084915,0.03586481870247636,98.50018751621246,0.0,66.0,22.0,12.0
sign_flip,0.2,noniid,TARA,82.36,3.280000000000001,85.265,0.375,0.5209879883408546,0.060794429671601834,98.43396854400635,0.5279932093002779,66.0,22.0,12.0
sign_flip,0.3,iid,FEDAVG,79.625,1.5549999999999997,79.625,1.5549999999999997,0.9719790150165557,0.3,97.94569957256317,0.0,100.0,0.0,0.0
sign_flip,0.3,iid,TRUST_FEDAVG,89.385,0.5150000000000006,89.385,0.5150000000000006,0.36587029544711114,0.03450005118871208,142.7701359987259,0.0,68.0,8.0,24.0
sign_flip,0.3,iid,TRUST_ROBUST,89.63499999999999,0.3950000000000031,89.63499999999999,0.3950000000000031,0.3577089007437229,0.006396630749583082,122.99331176280975,0.0,67.0,9.0,24.0
sign_flip,0.3,iid,TARA,89.60499999999999,0.41499999999999915,89.60499999999999,0.41499999999999915,0.3573944257974625,0.029972298318842606,132.42391681671143,0.5834355309536217,67.0,9.0,24.0
none,0.0,iid,FEDAVG,89.73499999999999,0.41499999999999915,89.73499999999999,0.41499999999999915,0.35040387238860127,0.0,100.36891770362854,0.0,100.0,0.0,0.0
none,0.0,iid,TRUST_FEDAVG,89.67500000000001,0.384999999999998,89.67500000000001,0.384999999999998,0.3524822962284088,0.0,97.47930932044983,0.0,74.0,23.0,3.0
none,0.0,iid,TRUST_ROBUST,89.48,0.39000000000000057,89.48,0.39000000000000057,0.3552582738816738,0.0,97.47566413879395,0.0,79.0,20.0,1.0
none,0.0,iid,TARA,89.465,0.42500000000000426,89.465,0.42500000000000426,0.35539459804892537,0.0,101.25414311885834,0.2634672651010202,74.0,23.0,3.0
sign_flip,0.3,noniid,FEDAVG,61.995000000000005,13.474999999999998,61.995000000000005,13.474999999999998,1.291390647649765,0.27723333333333333,147.23734974861145,0.0,100.0,0.0,0.0
sign_flip,0.3,noniid,TRUST_FEDAVG,78.77,0.5,78.77,0.5,0.6776819670200347,0.166059131150538,127.79343593120575,0.0,74.0,16.0,10.0
sign_flip,0.3,noniid,TRUST_ROBUST,81.78,2.3700000000000045,81.78,2.3700000000000045,0.5787798180103302,0.11581455784456454,130.88413166999817,0.0,73.0,18.0,9.0
sign_flip,0.3,noniid,TARA,81.975,1.6649999999999991,81.975,1.6649999999999991,0.5436599551677703,0.13923899911661314,125.24017179012299,0.4863694221229134,73.0,18.0,9.0
none,0.0,noniid,FEDAVG,88.68,0.7199999999999989,88.68,0.7199999999999989,0.3805444985628128,0.0,113.6737688779831,0.0,100.0,0.0,0.0
none,0.0,noniid,TRUST_FEDAVG,87.005,0.2850000000000037,87.005,0.2850000000000037,0.4225595828533173,0.0,128.15347981452942,0.0,71.0,22.0,7.000000000000001
none,0.0,noniid,TRUST_ROBUST,85.255,1.2549999999999955,85.255,1.2549999999999955,0.4669528383016586,0.0,128.13148999214172,0.0,67.0,25.0,8.0
none,0.0,noniid,TARA,85.44999999999999,0.22000000000000597,85.44999999999999,0.22000000000000597,0.46205196619033817,0.0,113.86557233333588,0.42985213916100073,67.0,26.0,7.000000000000001
label_flip,0.1,iid,FEDAVG,89.44,0.5,89.44,0.5,0.3739792636334896,0.1,98.55110442638397,0.0,100.0,0.0,0.0
label_flip,0.1,iid,TRUST_FEDAVG,89.775,0.4750000000000014,89.775,0.4750000000000014,0.35164873361587523,0.011747663761069178,98.22501218318939,0.0,88.0,4.0,8.0
label_flip,0.1,iid,TRUST_ROBUST,89.66,0.3400000000000034,89.66,0.3400000000000034,0.35475985105633734,0.0,97.29793095588684,0.0,88.0,4.0,8.0
label_flip,0.1,iid,TARA,89.72,0.4200000000000017,89.72,0.4200000000000017,0.3524415051817894,0.009409117787144459,97.36684083938599,0.389986346034337,88.0,4.0,8.0
label_flip,0.1,noniid,FEDAVG,87.125,0.15500000000000114,87.125,0.15500000000000114,0.43762558088302617,0.11664166666666666,97.7131998538971,0.0,100.0,0.0,0.0
label_flip,0.1,noniid,TRUST_FEDAVG,85.47,0.4399999999999977,85.495,0.4650000000000034,0.4566634458065033,0.02646126535880091,97.00627446174622,0.0,75.0,17.0,8.0
label_flip,0.1,noniid,TRUST_ROBUST,83.83,0.1700000000000017,83.845,0.15500000000000114,0.4936477942585945,0.015121853585638601,97.47998428344727,0.0,70.0,19.0,11.0
label_flip,0.1,noniid,TARA,82.71000000000001,0.6400000000000077,84.65,1.2999999999999972,0.5103632086277008,0.022456635016428694,97.60179960727692,0.4888550796047888,69.0,19.0,12.0
label_flip,0.2,iid,FEDAVG,88.625,0.22499999999999432,88.625,0.22499999999999432,0.41925685130357737,0.2,98.48363959789276,0.0,100.0,0.0,0.0
label_flip,0.2,iid,TRUST_FEDAVG,89.715,0.40500000000000114,89.715,0.40500000000000114,0.3535682865619659,0.024080354954085142,98.55351758003235,0.0,80.0,4.0,16.0
label_flip,0.2,iid,TRUST_ROBUST,89.76499999999999,0.40499999999999403,89.76499999999999,0.40499999999999403,0.35078865538835524,0.0,98.5996423959732,0.0,80.0,4.0,16.0
label_flip,0.2,iid,TARA,89.47,0.5899999999999963,89.47,0.5899999999999963,0.35622472663521765,0.01920992424806507,98.31243777275085,0.4567498659404547,79.0,5.0,16.0
label_flip,0.2,noniid,FEDAVG,86.82,0.3200000000000003,86.82,0.3200000000000003,0.4620409642577171,0.18999166666666667,127.63770759105682,0.0,100.0,0.0,0.0
label_flip,0.2,noniid,TRUST_FEDAVG,84.78,1.4200000000000017,85.08500000000001,1.115000000000002,0.47633966925144194,0.06251062139878388,126.45382761955261,0.0,70.0,17.0,13.0
label_flip,0.2,noniid,TRUST_ROBUST,83.945,2.0549999999999997,84.25,1.75,0.4949984045028687,0.06003427014178691,126.41129183769226,0.0,70.0,17.0,13.0
label_flip,0.2,noniid,TARA,83.21000000000001,2.3500000000000014,84.82,0.740000000000002,0.5018937142133713,0.0523925608713155,125.6887776851654,0.4999936214805869,69.0,18.0,13.0
label_flip,0.3,iid,FEDAVG,86.63,0.2700000000000031,86.63,0.2700000000000031,0.49718140968084334,0.3,125.62656831741333,0.0,100.0,0.0,0.0
label_flip,0.3,iid,TRUST_FEDAVG,89.68,0.5200000000000031,89.68,0.5200000000000031,0.3568595390915871,0.033776163598792326,98.26882517337799,0.0,70.0,6.0,24.0
label_flip,0.3,iid,TRUST_ROBUST,89.72,0.519999999999996,89.72,0.519999999999996,0.3541647580385208,0.006179112815166427,98.29073643684387,0.0,70.0,6.0,24.0
label_flip,0.3,iid,TARA,89.65,0.4299999999999997,89.65,0.4299999999999997,0.3544130408704281,0.029474539031653126,98.17364585399628,0.5132640370485094,70.0,6.0,24.0
label_flip,0.3,noniid,FEDAVG,84.24,1.2800000000000011,84.24,1.2800000000000011,0.5366958143115044,0.27723333333333333,97.90693092346191,0.0,100.0,0.0,0.0
label_flip,0.3,noniid,TRUST_FEDAVG,84.47999999999999,1.3000000000000043,84.8,0.980000000000004,0.4870173900961876,0.12985444478254238,98.15055298805237,0.0,60.0,23.0,17.0
label_flip,0.3,noniid,TRUST_ROBUST,83.845,1.7549999999999955,84.08,1.519999999999996,0.5064819762706756,0.11106511767891658,98.38599288463593,0.0,62.0,20.0,18.0
label_flip,0.3,noniid,TARA,82.055,1.875000000000007,82.055,1.875000000000007,0.5372191601991654,0.1141682601648348,97.8892651796341,0.5114683337125019,62.0,20.0,18.0
gradient_scale,0.1,iid,FEDAVG,85.33500000000001,3.895000000000003,87.08000000000001,2.1499999999999986,0.45121197465658186,0.1,110.26801764965057,0.0,100.0,0.0,0.0
gradient_scale,0.1,iid,TRUST_FEDAVG,90.265,0.34499999999999886,90.265,0.34499999999999886,0.3360637707829475,0.010448717725396782,129.40230894088745,0.0,81.0,11.0,8.0
gradient_scale,0.1,iid,TRUST_ROBUST,89.875,0.49499999999999034,89.875,0.49499999999999034,0.3485264105618,0.0,128.02665436267853,0.0,84.0,8.0,8.0
gradient_scale,0.1,iid,TARA,89.805,0.33500000000000085,89.805,0.33500000000000085,0.3506577770292759,0.009109306573565467,128.22677075862885,0.45683144841388323,84.0,8.0,8.0
